{
    "enabled": true,
    "coin": "sugarchain.json",

    "address": "",

    "rewardRecipients": {
        "": 1.0
    },

    "paymentProcessing": {
        "minConf": 10,
        "enabled": true,
        "paymentMode": "prop",
        "_comment_paymentMode": "prop, pplnt",
        "paymentInterval": 600,
        "minimumPayment": 10,
        "maxBlocksPerPayment": 3,
        "daemon": {
            "host": "127.0.0.1",
            "port": 34229,
            "user": "username",
            "password": "password"
        }
    },

    "tlsOptions": {
        "enabled": false,
        "serverKey": "",
        "serverCert": "",
        "ca": ""
    },

    "ports": {
        "3032": {
            "diff": 0.5,
            "tls": false,
            "varDiff": {
                "minDiff": 0.00,
                "maxDiff": 16,
                "targetTime": 15,
                "retargetTime": 60,
                "variancePercent": 30
            }
        }
    },

    "poolId": "main",
    "_comment_poolId": "use it for region identification: eu, us, asia or keep default if you have one stratum instance for one coin",

    "daemons": [
        {
            "host": "127.0.0.1",
            "port": 34229,
            "user": "username",
            "password": "password"
        }
    ],

    "p2p": {
        "enabled": true,
        "host": "127.0.0.1",
        "port": 34230,
        "disableTransactions": true
    },

    "mposMode": {
        "enabled": false,
        "host": "127.0.0.1",
        "port": 3306,
        "user": "",
        "password": "",
        "database": "",
        "checkPassword": true,
        "autoCreateWorker": false
    }

}
