{
    "name": "Monacoin_testnet",
    "symbol": "TMONA",
    "algorithm": "lyra2re2",
    "peerMagic": "fbc0b6db",
    "peerMagicTestnet": "fbd2c8f",
    "testnet": {
        "bech32": "tmona",
        "bip32": {
            "public": "70617039"
        },
        "pubKeyHash": "111",
        "scriptHash": "117"
    },
    "blockTime": 90,
    "explorer": {
        "txURL": "https://testnet-blockbook.electrum-mona.org/tx/",
        "blockURL": "https://testnet-blockbook.electrum-mona.org/block/"
    }
}
